post_id,comment_id,source,labels,text_orig,text,keywords
post001,,0,set(),Struggling to log into the train service website,struggle log train train service website,"{'train', 'website', 'service', 'struggle', 'log'}"
post001,,1,"{'protocol', 'date'}","I tried accessing the train login page today but it just kept spinning without ever loading. Strangely, I can browse other websites just fine. I have a VPN running because of work, maybe that’s interfering?",load strangely browse access train login websites fine vpn,"{'train', 'access', 'fine', 'login', 'websites', 'browse', 'load', 'vpn', 'strangely'}"
post002,,0,set(),Wi-Fi signal drops frequently when I move around the house,signal drop frequently,"{'signal', 'drop', 'frequently'}"
post002,,1,set(),"Whenever I go to the basement or the far end of the living room, my Wi-Fi keeps disconnecting or is extremely slow.",disconnect extremely slow wifi disconnect extremely room wifi disconnect,"{'slow', 'wifi', 'disconnect', 'extremely', 'room'}"
post003,,0,{'tool'},Ping is fine but I can't load certain websites or online games,ping fine load websites online game load certain websites,"{'fine', 'websites', 'online', 'game', 'certain', 'load', 'ping'}"
post003,,1,{'tool'},"My ping to the game servers is low and stable, but I can’t load some game features or web pages. Other internet stuff works normally.",ping game servers servers low stable,"{'servers', 'stable', 'game', 'low', 'ping'}"
post004,,0,set(),Phone connected to Wi-Fi but no internet access,connect wifi internet,"{'wifi', 'connect', 'internet'}"
post004,,1,set(),"My phone shows it’s connected to my home Wi-Fi, but when I try to browse or use apps, nothing loads. Other devices on the network work perfectly fine.",wifi try browse connect home wifi,"{'wifi', 'try', 'connect', 'browse', 'home'}"
post005,,0,set(),"After moving office desk, Wi-Fi barely works",desk wifi barely,"{'wifi', 'desk', 'barely'}"
post005,,1,set(),I relocated my desk and suddenly Wi-Fi speed dropped dramatically. Signal strength is weak compared to before.,relocate desk suddenly suddenly wifi speed,"{'desk', 'suddenly', 'wifi', 'speed', 'relocate'}"
post006,,0,set(),"Internet access only works via Ethernet, not Wi-Fi",access work ethernet,"{'work', 'access', 'ethernet'}"
post006,,1,set(),"I can get online when plugged in via cable, but Wi-Fi shows connected without internet.",cable wifi connect online plug cable connect internet,"{'cable', 'wifi', 'plug', 'internet', 'online', 'connect'}"
post007,,0,{'protocol'},VPN disconnects randomly during video calls,disconnect randomly video,"{'video', 'disconnect', 'randomly'}"
post007,,1,"{'protocol', 'time'}","Whenever I join video conferences, my VPN connection drops every 10-15 minutes.",conferences vpn connection,"{'connection', 'vpn', 'conferences'}"
post008,,0,{'device'},Slow internet only on my laptop,slow internet laptop,"{'slow', 'laptop', 'internet'}"
post008,,1,{'device'},"Other devices on my network are fast but my laptop is crawling. Tried restarting, no change.",devices network fast fast laptop crawl network fast laptop,"{'fast', 'crawl', 'network', 'devices', 'laptop'}"
post009,,0,"{'device', 'tool'}",Can ping router but no internet access,router internet access ping router internet,"{'ping', 'access', 'internet', 'router'}"
post009,,1,"{'device', 'tool'}",I can ping my router IP just fine but can’t browse the web or access online services.,ping router ip ip fine browse,"{'fine', 'router', 'browse', 'ping', 'ip'}"
post010,,0,set(),Company intranet not accessible from home,company intranet accessible,"{'accessible', 'intranet', 'company'}"
post010,,1,set(),"I can’t open the company intranet page when working remotely, but the rest of the internet works.",company intranet page remotely rest internet,"{'rest', 'company', 'remotely', 'internet', 'page', 'intranet'}"
post011,,0,{'malware'},Slow loading on university websites,load university websites slow load university,"{'slow', 'websites', 'university', 'load'}"
post011,,1,{'malware'},"University sites load really slow, but other sites are fine.",university sit load really slow sit,"{'sit', 'slow', 'really', 'load', 'university'}"
post012,,0,set(),Uploads to cloud storage fail intermittently,storage fail intermittently upload cloud storage,"{'storage', 'fail', 'upload', 'cloud', 'intermittently'}"
post012,,1,set(),"Sometimes when uploading large files to cloud storage, it just times out after a while.",cloud storage time file cloud storage,"{'cloud', 'storage', 'file', 'time'}"
post013,,0,set(),Can't access video conference audio on Wi-Fi,video conference audio conference audio wifi access video conference,"{'access', 'wifi', 'conference', 'audio', 'video'}"
post013,,1,set(),Video works fine but audio drops out or is distorted when connected to Wi-Fi.,drop distort connect distort connect wifi audio drop distort,"{'wifi', 'audio', 'distort', 'drop', 'connect'}"
post014,,0,set(),"After moving office desk, Wi-Fi barely works",desk wifi barely,"{'wifi', 'desk', 'barely'}"
post014,,1,set(),I relocated my desk and suddenly Wi-Fi speed dropped dramatically. Signal strength is weak compared to before.,relocate desk suddenly suddenly wifi speed,"{'desk', 'suddenly', 'wifi', 'speed', 'relocate'}"
post015,,0,{'protocol'},VPN connected but no access to company servers,connect access company access company servers vpn connect access,"{'access', 'company', 'servers', 'connect', 'vpn'}"
post015,,1,{'protocol'},VPN status shows connected but I can’t reach any internal resources.,status connect reach vpn status connect reach internal resources,"{'internal', 'resources', 'reach', 'connect', 'status', 'vpn'}"
post016,,0,"{'time', 'device'}",Router reboots randomly during peak hours,router reboot randomly reboot randomly peak,"{'randomly', 'reboot', 'peak', 'router'}"
post016,,1,"{'date', 'device'}",My router restarts every day around 5 PM when many people log on.,router restart day people log,"{'restart', 'router', 'day', 'people', 'log'}"
post017,,0,set(),Internet very slow only in evenings,internet slow evenings,"{'evenings', 'slow', 'internet'}"
post017,,1,{'time'},"Speed drops sharply after 7 PM every day, but mornings are fine.",speed drop sharply drop sharply pm mornings fine,"{'fine', 'mornings', 'speed', 'drop', 'sharply', 'pm'}"
post018,,0,set(),Can't open some sites on campus Wi-Fi,open sit campus sit campus wifi,"{'sit', 'open', 'campus', 'wifi'}"
post018,,1,set(),"Certain sites won’t load on campus Wi-Fi, but on my phone’s mobile data they work.",campus wifi phone mobile data work load campus wifi,"{'campus', 'mobile', 'wifi', 'data', 'load', 'work', 'phone'}"
post019,,0,set(),Slow streaming when using repeater,stream use repeater,"{'use', 'stream', 'repeater'}"
post019,,1,{'device'},"Video streaming buffers a lot when connected via repeater, but directly to router it’s fine.",connect repeater directly video stream buffer,"{'repeater', 'video', 'stream', 'connect', 'directly', 'buffer'}"
post020,,0,set(),Wi-Fi connected but no file sharing with coworkers,file share coworkers connect file share,"{'coworkers', 'share', 'connect', 'file'}"
post020,,1,{'device'},My laptop connects to Wi-Fi but I can’t see or access shared folders on the network.,access share folders share folders network connect wifi access,"{'access', 'folders', 'wifi', 'network', 'connect', 'share'}"
post021,,0,set(),"Internet access only works via Ethernet, not Wi-Fi",access work ethernet,"{'work', 'access', 'ethernet'}"
post021,,1,set(),"I can get online when plugged in via cable, but Wi-Fi shows connected without internet.",cable wifi connect online plug cable connect internet,"{'cable', 'wifi', 'plug', 'internet', 'online', 'connect'}"
post022,,0,{'network_concept'},High latency and packet loss during online gaming,high latency packet latency packet loss packet loss online,"{'high', 'packet', 'latency', 'online', 'loss'}"
post022,,1,set(),I get random lag spikes and sometimes get disconnected.,lag spike disconnect random lag spike,"{'random', 'spike', 'disconnect', 'lag'}"
post023,,0,{'malware'},Corporate email not syncing on mobile,corporate email sync email sync mobile,"{'corporate', 'sync', 'email', 'mobile'}"
post023,,1,{'protocol'},My phone won’t sync corporate emails unless I’m on VPN.,sync corporate email im vpn wont sync corporate,"{'wont', 'corporate', 'sync', 'email', 'vpn', 'im'}"
post024,,0,set(),Wi-Fi drops whenever microwave is on,wifi drop microwave,"{'wifi', 'drop', 'microwave'}"
post024,,1,set(),"Whenever I use the microwave, Wi-Fi speeds drop or disconnect.",speed drop disconnect microwave wifi speed,"{'wifi', 'microwave', 'disconnect', 'speed', 'drop'}"
post025,,0,{'protocol'},VPN connected but slow internet,connect slow internet vpn connect slow,"{'vpn', 'slow', 'connect', 'internet'}"
post025,,1,{'protocol'},"When connected to VPN, my internet speed drops significantly.",connect vpn internet internet speed drop,"{'internet', 'speed', 'drop', 'connect', 'vpn'}"
post026,,0,{'device'},Can't print to network printer over Wi-Fi,print network printer,"{'network', 'print', 'printer'}"
post026,,1,{'device'},My laptop can’t find the network printer unless I’m connected via Ethernet.,laptop network printer connect ethernet,"{'network', 'printer', 'connect', 'laptop', 'ethernet'}"
post027,,0,set(),Can't access online exams portal from dorm Wi-Fi,exams portal dorm portal dorm wifi online exams portal access online exams,"{'access', 'wifi', 'portal', 'online', 'exams', 'dorm'}"
post027,,1,set(),"The portal doesn't load, but other sites are fine.",portal doesnt load doesnt load sit,"{'sit', 'portal', 'doesnt', 'load'}"
post028,,0,{'person'},Slow Wi-Fi after adding new smart devices,slow wifi add new smart devices,"{'slow', 'new', 'wifi', 'smart', 'add', 'devices'}"
post028,,1,set(),"Ever since I added new smart bulbs and cameras, my Wi-Fi has become slow.",bulbs cameras wifi smart bulbs cameras cameras wifi slow,"{'slow', 'wifi', 'bulbs', 'smart', 'cameras'}"
post029,,0,{'protocol'},Can’t connect to VPN from coffee shop Wi-Fi,connect vpn coffee coffee shop wifi,"{'shop', 'coffee', 'wifi', 'connect', 'vpn'}"
post029,,1,{'protocol'},"Public Wi-Fi blocks VPN connections, any workarounds?",block vpn connections vpn connections workarounds public wifi block,"{'wifi', 'connections', 'workarounds', 'public', 'vpn', 'block'}"
post030,,0,set(),Wi-Fi signal strong but video calls lag,signal strong video,"{'signal', 'strong', 'video'}"
post030,,1,set(),Signal shows full bars but video conferences freeze and audio cuts out.,conferences freeze audio bar video conferences video conferences freeze,"{'bar', 'audio', 'freeze', 'video', 'conferences'}"
post037,,0,set(),Ethernet shows connected but no internet access,ethernet connect internet connect internet access,"{'access', 'connect', 'internet', 'ethernet'}"
post037,,1,set(),"Windows says I'm connected via Ethernet, but there's no internet. Wi-Fi works fine on the same network. Tried disabling/enabling the adapter — no luck.",network try disablingenabling internet wifi work im connect ethernet,"{'wifi', 'network', 'internet', 'try', 'connect', 'disablingenabling', 'work', 'im', 'ethernet'}"
post038,,0,"{'time', 'cardinal', 'tool'}",Ping spikes every 30 seconds on Windows 11,ping spike 30 spike 30 second 30 second windows,"{'windows', 'second', 'ping', 'spike', '30'}"
post038,,1,"{'time', 'tool'}",Every 30–40 seconds I get a ping spike in online games. Task Manager shows 'Service Host: Network Service' spiking at the same time.,network service spike ping spike online,"{'network', 'service', 'online', 'ping', 'spike'}"
post039,,0,{'protocol'},VPN disconnects Wi-Fi access to everything else,disconnect wifi access vpn disconnect wifi,"{'wifi', 'access', 'vpn', 'disconnect'}"
post039,,1,{'protocol'},"As soon as I connect to my company’s VPN, I lose access to all other internet — can’t browse, use Teams, etc.",connect company vpn vpn lose access company vpn lose,"{'access', 'company', 'lose', 'connect', 'vpn'}"
post040,,0,set(),Upload speeds fine in browser but OBS keeps disconnecting,upload speed fine browser obs disconnect,"{'fine', 'obs', 'browser', 'upload', 'speed', 'disconnect'}"
post040,,1,"{'time', 'product', 'cardinal'}",Speedtest shows 20Mbps upload but OBS drops to 0 and disconnects every few minutes. On Windows 10 with wired Ethernet.,speedtest 20mbps upload,"{'speedtest', '20mbps', 'upload'}"
post041,,0,set(),"Cannot access specific website on Windows PC, works on phone",pc work phone specific website windows,"{'windows', 'specific', 'website', 'pc', 'work', 'phone'}"
post041,,1,"{'device', 'cardinal'}","One site just won’t load on my Windows desktop (ERR_CONNECTION_TIMED_OUT), but works fine on my phone on the same network.",windows desktop err_connection_timed_out,"{'windows', 'err_connection_timed_out', 'desktop'}"
post042,,0,set(),Multiple network profiles causing weird behavior,multiple network profile network profile cause,"{'profile', 'network', 'multiple', 'cause'}"
post042,,1,set(),"My PC shows 'Network 2', 'Network 3', etc. in the adapter list and sometimes apps won't connect unless I reset the adapter.",network network adapter apps wont connect,"{'wont', 'apps', 'network', 'connect', 'adapter'}"
post043,,0,set(),Proxy settings reset after every reboot,settings reset reboot,"{'reboot', 'reset', 'settings'}"
post043,,1,set(),"Even when I disable the proxy in Windows settings, it re-enables itself after a restart. Super annoying.",proxy windows settings restart super annoy disable proxy windows settings reenables restart,"{'windows', 'restart', 'reenables', 'proxy', 'disable', 'annoy', 'super', 'settings'}"
post044,,0,set(),"Wi-Fi connects but says 'No Internet, secured'",say internet secure connect say internet,"{'connect', 'say', 'internet', 'secure'}"
post044,,1,set(),"Windows connects to the school Wi-Fi but always says 'No Internet, secured'. Other students don’t have this issue.",windows connect school internet secure students connect school wifi,"{'windows', 'secure', 'wifi', 'internet', 'school', 'connect', 'students'}"
post045,,0,set(),"Google Drive sync not working on Windows, works on web",google drive sync sync work windows,"{'windows', 'drive', 'google', 'sync', 'work'}"
post045,,1,{'device'},Drive for Desktop says 'No connection' but I can use the web version fine. This started after a Windows update.,start windows update web version fine desktop say connection,"{'windows', 'fine', 'desktop', 'connection', 'web', 'start', 'version', 'say', 'update'}"
post046,,0,set(),Network adapter disappears after sleep mode,network adapter disappear adapter disappear sleep disappear sleep mode,"{'network', 'disappear', 'mode', 'sleep', 'adapter'}"
post046,,1,set(),"After waking from sleep, my Wi-Fi adapter is just gone from Device Manager. Only a restart brings it back.",sleep wifi adapter adapter device manager,"{'wifi', 'manager', 'sleep', 'adapter', 'device'}"
post047,,0,{'person'},Hotel Wi-Fi connects but no browsing possible,wifi connect browse hotel wifi connect connect browse possible,"{'wifi', 'possible', 'connect', 'browse', 'hotel'}"
post047,,1,{'device'},"My laptop connects to the hotel Wi-Fi network, but I can't load any websites or use apps that require internet. Other guests say their devices work fine.",laptop connect hotel connect hotel wifi apps require internet,"{'apps', 'wifi', 'internet', 'connect', 'hotel', 'laptop', 'require'}"
post048,,0,{'protocol'},VPN connection established but internal resources unreachable,vpn connection establish internal resources unreachable,"{'connection', 'internal', 'resources', 'unreachable', 'vpn', 'establish'}"
post048,,1,{'protocol'},"VPN status shows connected, but I can’t access our dev servers or internal tools. My internet works fine otherwise.",vpn status connect connect access dev internal tool internet,"{'tool', 'access', 'internal', 'internet', 'dev', 'connect', 'status', 'vpn'}"
post049,,0,set(),Wi-Fi signal drops when moving between rooms,signal drop room,"{'signal', 'drop', 'room'}"
post049,,1,set(),"When I move from my living room to the bedroom, the Wi-Fi signal drops dramatically or disconnects completely.",signal drop dramatically bedroom wifi signal,"{'signal', 'bedroom', 'wifi', 'drop', 'dramatically'}"
post050,,0,{'tool'},Certain websites won’t load even though ping is good,certain websites wont websites wont load load ping good,"{'wont', 'good', 'websites', 'certain', 'load', 'ping'}"
post050,,1,"{'domain', 'tool'}","I can ping websites like google.com fine, but some specific sites or services time out or never load.",ping websites like service time load,"{'websites', 'like', 'service', 'load', 'ping', 'time'}"
post051,,0,set(),Wi-Fi shows connected but no internet on my gaming PC,connect internet game,"{'connect', 'internet', 'game'}"
post051,,1,set(),My PC is connected to Wi-Fi but can’t access the internet. Other devices on the same network are fine.,access internet devices connect wifi access devices network fine wifi access internet,"{'fine', 'access', 'wifi', 'network', 'internet', 'devices', 'connect'}"
post052,,0,{'protocol'},VPN disconnects during video meetings,disconnect video meetings,"{'video', 'disconnect', 'meetings'}"
post052,,1,"{'protocol', 'time'}","While on Zoom calls, my VPN connection drops after about 10 minutes, causing interruptions.",vpn connection drop zoom vpn connection,"{'zoom', 'drop', 'connection', 'vpn'}"
post053,,0,{'device'},Laptop internet slow but phones are fine,laptop internet slow internet slow phone,"{'slow', 'laptop', 'internet', 'phone'}"
post053,,1,{'device'},My laptop's internet speed is very slow compared to my phone on the same Wi-Fi network.,laptops internet speed compare phone wifi,"{'laptops', 'wifi', 'internet', 'speed', 'compare', 'phone'}"
post054,,0,"{'device', 'tool'}","Ping to router works, but no internet access",router work internet,"{'work', 'internet', 'router'}"
post054,,1,"{'device', 'tool'}",I can ping my router’s IP address but can’t load any websites or services.,routers ip address load websites service,"{'websites', 'service', 'routers', 'address', 'load', 'ip'}"
post055,,0,{'time'},Slow internet only during evening hours,slow internet hours,"{'slow', 'hours', 'internet'}"
post055,,1,"{'time', 'date'}",Internet speed tanks every evening around 7 PM but is fine during the day.,internet speed tank speed tank pm,"{'pm', 'tank', 'internet', 'speed'}"
post056,,0,{'gpe'},Wi-Fi signal is full bars but files won’t download,signal bar file file wont download,"{'signal', 'wont', 'bar', 'download', 'file'}"
post056,,1,{'device'},"My laptop shows a strong Wi-Fi signal, but large files hang or fail to download.",strong wifi signal hang fail download large file hang laptop strong wifi,"{'signal', 'strong', 'wifi', 'hang', 'fail', 'large', 'laptop', 'download', 'file'}"
post057,,0,{'person'},Hotel Wi-Fi requires login but login page won’t load,hotel wifi require login login page,"{'wifi', 'login', 'hotel', 'page', 'require'}"
post057,,1,set(),"I connect to the hotel Wi-Fi, but the captive portal login page never appears, so I can’t get online.",captive portal login wifi captive portal connect hotel wifi,"{'captive', 'wifi', 'login', 'portal', 'connect', 'hotel'}"
post058,,0,{'protocol'},VPN connects but slow internet speeds,connect slow internet vpn connect slow,"{'vpn', 'slow', 'connect', 'internet'}"
post058,,1,{'protocol'},"My VPN connects successfully, but my internet speed drops to almost unusable levels.",successfully internet speed vpn connect successfully speed drop unusable,"{'unusable', 'successfully', 'internet', 'speed', 'drop', 'connect', 'vpn'}"
post059,,0,{'tool'},High ping spikes despite stable Wi-Fi,ping spike despite high ping spike despite stable wifi,"{'high', 'despite', 'wifi', 'stable', 'ping', 'spike'}"
post059,,1,"{'time', 'tool'}","My Wi-Fi signal is stable and strong, but my ping in online games randomly spikes every few minutes.",wifi signal stable stable strong ping strong ping online,"{'signal', 'strong', 'wifi', 'stable', 'online', 'ping'}"
post060,,0,"{'protocol', 'device'}",VPN disconnects when laptop sleeps,disconnect laptop sleep,"{'sleep', 'laptop', 'disconnect'}"
post060,,1,"{'protocol', 'device'}","Whenever my laptop goes to sleep, the VPN disconnects and won’t reconnect automatically when I wake it.",sleep vpn disconnect reconnect automatically wake,"{'automatically', 'disconnect', 'reconnect', 'sleep', 'vpn', 'wake'}"
post061,,0,set(),Wi-Fi connected but can’t stream videos,connect stream videos,"{'videos', 'stream', 'connect'}"
post061,,1,"{'product', 'gpe'}","My device shows connected to Wi-Fi, but YouTube and Netflix videos won’t load or buffer endlessly.",youtube netflix videos connect wifi youtube,"{'wifi', 'netflix', 'videos', 'connect', 'youtube'}"
post062,,0,{'protocol'},Can’t access company intranet over VPN,access company intranet company intranet vpn,"{'intranet', 'access', 'vpn', 'company'}"
post062,,1,{'protocol'},"VPN connects fine, but I can’t reach our company intranet or internal websites.",vpn connect fine company intranet internal,"{'fine', 'internal', 'company', 'connect', 'vpn', 'intranet'}"
post063,,0,{'device'},Wi-Fi frequently disconnects on Windows laptop,frequently disconnect windows,"{'windows', 'disconnect', 'frequently'}"
post063,,1,{'device'},My Windows laptop keeps disconnecting from Wi-Fi randomly even though signal is strong.,disconnect wifi randomly windows laptop disconnect,"{'windows', 'randomly', 'wifi', 'disconnect', 'laptop'}"
post064,,0,{'person'},Hotel Wi-Fi limits device connections,wifi limit device limit device connections hotel wifi limit,"{'wifi', 'connections', 'limit', 'hotel', 'device'}"
post064,,1,"{'device', 'cardinal', 'person'}",Hotel Wi-Fi only allows one device connection per room; I want to connect my phone and laptop simultaneously.,hotel wifi allow phone laptop simultaneously,"{'wifi', 'phone', 'simultaneously', 'allow', 'hotel', 'laptop'}"
post065,,0,{'protocol'},VPN slows down file transfers drastically,slow file transfer vpn slow file file transfer drastically,"{'slow', 'drastically', 'transfer', 'vpn', 'file'}"
post065,,1,{'protocol'},File transfers over VPN take much longer than over my normal internet connection without VPN.,transfer vpn longer,"{'longer', 'transfer', 'vpn'}"
post066,,0,set(),Wi-Fi connects but can’t get IP address,connect ip address,"{'ip', 'connect', 'address'}"
post066,,1,set(),My device connects to Wi-Fi but shows ‘No IP address’ and can’t access the internet.,device connect wifi wifi ip address address access internet,"{'access', 'wifi', 'internet', 'connect', 'address', 'ip', 'device'}"
post067,,0,{'person'},Hotel Wi-Fi asks for payment after free trial,wifi ask payment hotel wifi ask ask payment free payment free trial,"{'payment', 'wifi', 'trial', 'ask', 'hotel', 'free'}"
post067,,1,set(),"I connected to hotel Wi-Fi that initially was free, but now it suddenly asks me to pay to continue using it.",hotel wifi initially,"{'initially', 'wifi', 'hotel'}"
post068,,0,{'protocol'},VPN connected but games show location mismatch,connect game location game location mismatch,"{'mismatch', 'connect', 'game', 'location'}"
post068,,1,{'protocol'},"I use a VPN, but some games detect my real location and block me from playing.",vpn game detect location block play,"{'location', 'game', 'play', 'vpn', 'block', 'detect'}"
post069,,0,set(),Wi-Fi connected but very slow on some devices,connect slow devices,"{'slow', 'devices', 'connect'}"
post069,,1,{'device'},"Some of my devices have fast Wi-Fi, but others are slow or keep buffering even near the router.",wifi slow buffer devices fast wifi buffer near router,"{'fast', 'slow', 'router', 'wifi', 'near', 'devices', 'buffer'}"
post070,,0,{'protocol'},VPN drops connection during video calls,drop connection video vpn drop connection,"{'video', 'drop', 'connection', 'vpn'}"
post070,,1,{'protocol'},"While on VPN, my video calls frequently drop or freeze randomly.",video frequently drop frequently drop freeze,"{'video', 'drop', 'freeze', 'frequently'}"
post071,,0,set(),Buffering issues despite strong Wi-Fi signal,despite strong wifi strong wifi signal buffer issue despite,"{'signal', 'despite', 'strong', 'wifi', 'issue', 'buffer'}"
post071,,1,set(),"My Wi-Fi shows full bars, but streaming videos keep buffering or drop quality suddenly.",bar stream videos stream videos buffer wifi bar stream,"{'bar', 'wifi', 'videos', 'stream', 'buffer'}"
post072,,0,{'protocol'},VPN connects but company resources inaccessible,connect company resources company resources inaccessible vpn connect company,"{'inaccessible', 'company', 'resources', 'connect', 'vpn'}"
post072,,1,{'protocol'},My VPN shows connected but I can’t access internal files or apps from work.,connect access internal vpn connect access,"{'vpn', 'internal', 'connect', 'access'}"
post073,,0,"{'protocol', 'tool'}",Games lag despite low ping on VPN,despite low ping low ping vpn game lag despite,"{'despite', 'game', 'lag', 'low', 'ping', 'vpn'}"
post073,,1,"{'protocol', 'tool'}","I use VPN and get low ping, but gameplay is still laggy and input delays happen.",gameplay laggy input low ping gameplay ping gameplay laggy,"{'low', 'laggy', 'input', 'ping', 'gameplay'}"
post074,,0,"{'time', 'person'}",Hotel Wi-Fi disconnects after a few minutes,wifi disconnect minutes hotel wifi disconnect,"{'wifi', 'hotel', 'minutes', 'disconnect'}"
post074,,1,set(),"Every time I connect to hotel Wi-Fi, it disconnects after a short time, forcing me to reconnect.",disconnect short time force reconnect,"{'disconnect', 'reconnect', 'force', 'time', 'short'}"
post075,,0,{'protocol'},VPN slows down internet despite fast local Wi-Fi,slow internet despite vpn slow internet fast local wifi,"{'fast', 'slow', 'despite', 'wifi', 'internet', 'local', 'vpn'}"
post075,,1,{'protocol'},"My local Wi-Fi speed is good, but when I connect to VPN, internet speed drops significantly.",connect vpn internet local wifi speed internet speed drop,"{'wifi', 'internet', 'local', 'speed', 'drop', 'connect', 'vpn'}"
post076,,0,set(),Wi-Fi disconnects when phone goes to sleep,disconnect phone sleep,"{'sleep', 'phone', 'disconnect'}"
post076,,1,set(),"My phone loses Wi-Fi connection after it sleeps, which interrupts my downloads and streaming.",connection sleep interrupt interrupt download stream phone lose wifi,"{'interrupt', 'connection', 'wifi', 'stream', 'lose', 'sleep', 'phone', 'download'}"
post077,,0,{'protocol'},VPN connected but geo-blocked content still unavailable,connect geoblocked content geoblocked content unavailable,"{'content', 'geoblocked', 'connect', 'unavailable'}"
post077,,1,{'protocol'},"Even with VPN active, I can’t access some geo-restricted games or videos.",access georestricted game vpn active access,"{'georestricted', 'access', 'game', 'active', 'vpn'}"
post078,,0,set(),Wi-Fi signal strong but pages load slowly,signal strong page page load slowly,"{'signal', 'strong', 'slowly', 'load', 'page'}"
post078,,1,set(),"My Wi-Fi signal strength is great, but websites and apps take forever to load.",wifi signal strength websites apps forever,"{'signal', 'forever', 'apps', 'wifi', 'websites', 'strength'}"
post079,,0,{'person'},Hotel Wi-Fi requires login every time I reconnect,hotel wifi require login time reconnect,"{'wifi', 'login', 'require', 'reconnect', 'hotel', 'time'}"
post079,,1,set(),"Every time I leave and come back to the hotel Wi-Fi, it asks me to log in again, which is annoying.",come hotel wifi hotel wifi ask ask log annoy,"{'come', 'wifi', 'annoy', 'ask', 'hotel', 'log'}"
post080,,0,"{'protocol', 'time'}",VPN connection is slow and unstable during work hours,connection slow unstable unstable work hours,"{'slow', 'connection', 'hours', 'unstable', 'work'}"
post080,,1,"{'protocol', 'time'}",My VPN is slow and keeps disconnecting during peak hours at work.,slow disconnect peak vpn slow disconnect disconnect peak hours,"{'slow', 'hours', 'disconnect', 'vpn', 'peak'}"
post081,,0,{'protocol'},VPN connected but streaming videos buffer frequently,connect stream videos videos buffer frequently,"{'videos', 'frequently', 'stream', 'connect', 'buffer'}"
post081,,1,{'protocol'},"Even though my VPN shows connected, streaming services keep buffering or lower quality automatically.",connect stream service buffer lower quality,"{'lower', 'service', 'stream', 'connect', 'quality', 'buffer'}"
post082,,0,"{'protocol', 'malware'}",Company VPN connects but no access to internal email,company vpn connect access internal email,"{'internal', 'access', 'company', 'connect', 'email', 'vpn'}"
post082,,1,{'protocol'},VPN says connected but I can’t open internal emails or shared drives at all.,internal email share vpn say connect,"{'internal', 'say', 'connect', 'share', 'email', 'vpn'}"
post083,,0,set(),Wi-Fi signal strong but slow internet on phone,strong slow internet signal strong slow,"{'strong', 'slow', 'signal', 'internet'}"
post083,,1,set(),My phone shows strong Wi-Fi bars but loading apps and webpages is slow and laggy.,webpages slow laggy strong wifi bar,"{'slow', 'webpages', 'strong', 'wifi', 'bar', 'laggy'}"
post084,,0,{'protocol'},VPN disconnects frequently during coding sessions,disconnect frequently cod,"{'cod', 'disconnect', 'frequently'}"
post084,,1,"{'protocol', 'date'}","My VPN drops out multiple times during the day, interrupting my work.",vpn drop multiple day interrupt work,"{'day', 'multiple', 'drop', 'work', 'vpn', 'interrupt'}"
post085,,0,"{'protocol', 'tool', 'network_concept'}",VPN causes high ping spikes despite low average latency,cause high ping ping spike despite,"{'high', 'despite', 'ping', 'spike', 'cause'}"
post085,,1,{'tool'},"While my ping averages are low, I experience sudden spikes that lag my games.",sudden spike lag ping average low,"{'sudden', 'average', 'lag', 'low', 'ping', 'spike'}"
post086,,0,{'device'},Wi-Fi disconnects when laptop goes to sleep,disconnect laptop sleep,"{'sleep', 'laptop', 'disconnect'}"
post086,,1,{'device'},"My laptop loses Wi-Fi connection whenever it sleeps, causing dropouts in downloads.",wifi connection sleep lose wifi connection cause dropouts download,"{'connection', 'download', 'dropouts', 'wifi', 'lose', 'sleep', 'cause'}"
post087,,0,{'person'},Hotel Wi-Fi keeps logging me out repeatedly,wifi log repeatedly hotel wifi log,"{'wifi', 'hotel', 'log', 'repeatedly'}"
post087,,1,set(),I keep getting kicked off the hotel Wi-Fi and have to log in again multiple times a day.,wifi log multiple kick hotel wifi,"{'wifi', 'multiple', 'kick', 'hotel', 'log'}"
post088,,0,"{'protocol', 'time'}",VPN slows down during afternoon work hours,slow afternoon work vpn slow afternoon afternoon work hours,"{'slow', 'afternoon', 'hours', 'work', 'vpn'}"
post088,,1,"{'protocol', 'time'}","VPN speeds drop drastically during afternoon peak hours, affecting my productivity.",speed drop drastically hours affect productivity,"{'productivity', 'hours', 'affect', 'speed', 'drop', 'drastically'}"
post089,,0,set(),Websites slow despite full Wi-Fi bars,websites slow despite slow despite wifi despite wifi bar,"{'slow', 'despite', 'bar', 'wifi', 'websites'}"
post089,,1,set(),Wi-Fi shows full signal but webpages and apps load painfully slow.,signal webpages apps,"{'signal', 'webpages', 'apps'}"
post090,,0,{'protocol'},VPN connected but geo-restricted content still blocked,connect georestricted content vpn connect georestricted,"{'content', 'georestricted', 'connect', 'vpn'}"
post090,,1,{'protocol'},"I use VPN to access foreign streaming, but content stays blocked or shows error.",access foreign stream vpn access foreign,"{'vpn', 'stream', 'access', 'foreign'}"
post098,,0,set(),Network driver update causes frequent disconnections,cause frequent disconnections network driver update,"{'network', 'frequent', 'disconnections', 'update', 'driver', 'cause'}"
post098,,1,{'time'},"Since updating my Ethernet driver, my connection drops every few minutes.",ethernet driver connection update ethernet driver,"{'update', 'connection', 'driver', 'ethernet'}"
post099,,0,set(),Wi-Fi driver update causes slow upload speeds,wifi driver update cause slow upload,"{'slow', 'wifi', 'upload', 'update', 'driver', 'cause'}"
post099,,1,set(),"After updating my wireless driver, my upload speeds dropped significantly.",wireless driver upload update wireless driver driver upload speed,"{'wireless', 'upload', 'speed', 'update', 'driver'}"
post100,,0,{'tool'},"After network driver update, ping spikes in games",driver update ping update ping spike,"{'ping', 'update', 'spike', 'driver'}"
post100,,1,{'tool'},"Ever since I updated my network adapter driver, my ping spikes randomly during online gaming.",adapter driver ping ping spike randomly,"{'randomly', 'ping', 'adapter', 'spike', 'driver'}"
post101,,0,set(),Network driver update causes video buffering issues,network driver update cause video buffer,"{'network', 'video', 'update', 'driver', 'cause', 'buffer'}"
post101,,1,set(),Video streams keep buffering after I installed the latest Wi-Fi driver.,stream buffer instal video stream buffer latest wifi driver,"{'wifi', 'instal', 'video', 'stream', 'latest', 'driver', 'buffer'}"
post102,,0,{'protocol'},Network driver update disables VPN connections,disable vpn connections driver update disable,"{'connections', 'disable', 'update', 'vpn', 'driver'}"
post102,,1,{'protocol'},"After updating my network driver, I can't connect to VPN anymore.",network driver connect connect vpn anymore,"{'network', 'anymore', 'connect', 'vpn', 'driver'}"
post103,,0,set(),Wi-Fi driver update prevents auto reconnect,prevent auto reconnect driver update prevent,"{'prevent', 'auto', 'reconnect', 'update', 'driver'}"
post103,,1,{'device'},My laptop doesn't auto reconnect to saved Wi-Fi networks after updating the driver.,auto reconnect save reconnect save wifi doesnt auto reconnect,"{'save', 'wifi', 'auto', 'doesnt', 'reconnect'}"
post104,,0,{'network_concept'},Ethernet driver update disables LAN sharing,driver update disable update disable lan ethernet driver update,"{'lan', 'disable', 'update', 'driver', 'ethernet'}"
post104,,1,{'network_concept'},"Since updating my Ethernet driver, my PC can't share files over LAN.",update ethernet driver share file lan ethernet driver pc,"{'pc', 'lan', 'update', 'share', 'driver', 'file', 'ethernet'}"
post105,,0,set(),Network driver update causes limited connectivity,network driver update cause limit connectivity,"{'connectivity', 'network', 'limit', 'update', 'driver', 'cause'}"
post105,,1,set(),"After a network driver update, I get ‘limited connectivity’ on Wi-Fi.",update limit connectivity network driver update,"{'connectivity', 'network', 'limit', 'update', 'driver'}"
post106,,0,set(),New network driver causes packet loss during streaming,network driver cause packet loss stream driver cause packet,"{'packet', 'network', 'loss', 'stream', 'driver', 'cause'}"
post106,,1,set(),"Since updating my network adapter driver, I experience packet loss when streaming.",driver experience packet adapter driver experience network adapter driver,"{'packet', 'experience', 'network', 'adapter', 'driver'}"
post107,,0,set(),Network driver update breaks hotspot functionality,break hotspot functionality network driver update,"{'break', 'functionality', 'network', 'hotspot', 'update', 'driver'}"
post107,,1,set(),"After updating my Wi-Fi driver, my PC hotspot feature stopped working.",hotspot feature stop pc hotspot feature update wifi driver,"{'wifi', 'feature', 'hotspot', 'stop', 'update', 'pc', 'driver'}"
post001,c001,2,set(),VPNs often cause issues with specific sites. Try turning it off and check again.,vpns cause issue try turn check issue specific sit,"{'sit', 'specific', 'vpns', 'try', 'turn', 'issue', 'cause', 'check'}"
post001,c002,2,set(),Sometimes browser cache or cookies cause loading issues. Clear those and retry.,cache cookies cause browser cache cookies,"{'browser', 'cause', 'cookies', 'cache'}"
post002,c003,2,{'device'},Your router might be too far or there could be walls blocking the signal. Consider adding a repeater or relocating the router.,repeater relocate router router far wall wall block signal,"{'signal', 'wall', 'repeater', 'router', 'far', 'block', 'relocate'}"
post003,c004,2,"{'protocol', 'ip_address', 'ip', 'network_concept'}",Sounds like DNS problems. Try switching your DNS server to 8.8.8.8 or 1.1.1.1.,try switch dns like dns problems,"{'like', 'try', 'dns', 'problems', 'switch'}"
post004,c005,2,{'protocol'},This often happens because of IP conflicts or DNS issues. Try reconnecting to the network.,conflict dns issue,"{'issue', 'dns', 'conflict'}"
post004,c006,2,"{'device', 'network_concept'}",Could also be a MAC address filter or router blocking the device.,filter router block address filter router,"{'filter', 'address', 'block', 'router'}"
post005,c007,2,{'device'},Physical obstacles or distance to router can degrade signal. Try moving back or using a repeater.,obstacles distance router distance router degrade,"{'degrade', 'router', 'distance', 'obstacles'}"
post005,c008,2,set(),Also check for interference from nearby devices like microwaves or cordless phones.,interference nearby devices,"{'devices', 'interference', 'nearby'}"
post006,c009,2,"{'protocol', 'device'}",Check router DHCP settings or possible MAC filtering.,router dhcp settings dhcp settings possible,"{'possible', 'dhcp', 'settings', 'router'}"
post006,c010,2,set(),"Sometimes routers have guest Wi-Fi isolation enabled, blocking internet.",wifi isolation enable guest wifi isolation routers guest wifi,"{'wifi', 'routers', 'enable', 'isolation', 'guest'}"
post007,c011,2,"{'protocol', 'device'}","Try changing the VPN server or protocol, sometimes overloaded servers cause drops.",servers cause drop change vpn server,"{'change', 'servers', 'drop', 'server', 'vpn', 'cause'}"
post007,c012,2,"{'protocol', 'device'}",Check if your firewall or antivirus is interfering with VPN connections.,firewall antivirus interfere interfere vpn connections,"{'antivirus', 'interfere', 'connections', 'firewall', 'vpn'}"
post008,c013,2,{'device'},Check for background updates or malware on your laptop.,background update malware update malware laptop,"{'update', 'laptop', 'malware', 'background'}"
post008,c014,2,set(),Try updating your network adapter drivers or resetting network settings.,try update network reset network settings,"{'reset', 'network', 'try', 'update', 'settings'}"
post009,c015,2,"{'protocol', 'device', 'network_concept'}",Could be an ISP outage or DNS server issue. Try switching DNS or restarting the router.,outage dns server,"{'dns', 'server', 'outage'}"
post010,c016,2,"{'protocol', 'device'}",You might need to connect via VPN or check if firewall rules block access.,check firewall rule connect vpn check,"{'rule', 'firewall', 'connect', 'vpn', 'check'}"
post011,c017,2,{'protocol'},Maybe network congestion or DNS resolution issues for those specific domains.,congestion dns resolution issue specific domains,"{'specific', 'congestion', 'domains', 'resolution', 'issue', 'dns'}"
post012,c018,2,{'configuration_setting'},Could be unstable Wi-Fi or MTU size issues. Try using wired connection.,unstable wifi mtu mtu size issue,"{'wifi', 'mtu', 'size', 'unstable', 'issue'}"
post013,c019,2,set(),Wi-Fi interference or poor signal can cause audio problems. Try switching bands or moving closer.,interference poor signal signal cause audio,"{'signal', 'audio', 'poor', 'interference', 'cause'}"
post014,c020,2,{'device'},Physical obstacles or distance to router can degrade signal. Try moving back or using a repeater.,obstacles distance router distance router degrade,"{'degrade', 'router', 'distance', 'obstacles'}"
post014,c021,2,set(),Also check for interference from nearby devices like microwaves or cordless phones.,interference nearby devices,"{'devices', 'interference', 'nearby'}"
post015,c022,2,{'protocol'},Try reconnecting the VPN or check your VPN profile and permissions.,try reconnecting vpn check vpn profile,"{'reconnecting', 'try', 'profile', 'vpn', 'check'}"
post016,c023,2,set(),Overheating or firmware bugs could cause this. Check logs and update firmware.,overheat firmware bug log update firmware,"{'log', 'firmware', 'bug', 'update', 'overheat'}"
post017,c024,2,set(),Network congestion or ISP throttling during peak hours.,congestion isp throttle throttle peak hours,"{'congestion', 'isp', 'hours', 'throttle', 'peak'}"
post018,c025,2,{'device'},Campus firewall might be blocking those domains.,firewall block domains campus firewall block,"{'domains', 'firewall', 'block', 'campus'}"
post019,c026,2,{'network_concept'},"Repeaters halve the bandwidth, consider upgrading to mesh Wi-Fi.",repeaters halve bandwidth upgrade mesh wifi,"{'wifi', 'bandwidth', 'repeaters', 'mesh', 'halve', 'upgrade'}"
post020,c027,2,{'device'},Check if network discovery is enabled and firewall settings.,discovery enable firewall enable firewall settings,"{'discovery', 'enable', 'settings', 'firewall'}"
post021,c028,2,"{'protocol', 'device'}",Check router DHCP settings or possible MAC filtering.,router dhcp settings dhcp settings possible,"{'possible', 'dhcp', 'settings', 'router'}"
post021,c029,2,set(),"Sometimes routers have guest Wi-Fi isolation enabled, blocking internet.",wifi isolation enable guest wifi isolation routers guest wifi,"{'wifi', 'routers', 'enable', 'isolation', 'guest'}"
post022,c030,2,set(),"Check for interference, overloaded network, or use wired connection.",interference overload network network use wire,"{'wire', 'use', 'network', 'overload', 'interference'}"
post023,c031,2,"{'protocol', 'device', 'malware'}",Email server might require VPN for remote access.,require vpn remote,"{'remote', 'vpn', 'require'}"
post024,c032,2,{'cardinal'},Microwaves cause 2.4GHz interference. Use 5GHz band if possible.,cause 4ghz interference microwave cause 4ghz,"{'microwave', 'interference', 'cause', '4ghz'}"
post025,c033,2,"{'protocol', 'device'}",VPN server load or encryption overhead could be the cause.,server load encryption encryption overhead cause,"{'encryption', 'overhead', 'load', 'server', 'cause'}"
post026,c034,2,{'device'},Wi-Fi isolation or different subnets can prevent printer discovery.,prevent printer discovery isolation different subnets,"{'subnets', 'different', 'prevent', 'discovery', 'isolation', 'printer'}"
post027,c035,2,{'protocol'},Dorm Wi-Fi might block certain sites or require VPN.,wifi block certain sit require vpn dorm wifi block,"{'sit', 'wifi', 'certain', 'dorm', 'vpn', 'block', 'require'}"
post028,c036,2,{'network_concept'},Too many devices can saturate the network bandwidth.,saturate network bandwidth devices saturate network,"{'network', 'devices', 'bandwidth', 'saturate'}"
post029,c037,2,"{'protocol', 'cardinal'}",Try using VPN over port 443 or a different VPN protocol.,port 443 different try use vpn,"{'different', 'use', 'try', '443', 'vpn', 'port'}"
post030,c038,2,"{'configuration_setting', 'device'}",Could be network congestion or router QoS settings limiting video traffic.,congestion router qos limit video traffic router qos settings,"{'qos', 'router', 'congestion', 'video', 'traffic', 'limit', 'settings'}"
post037,c046,2,"{'protocol', 'tool'}",Check if the Ethernet adapter has a static IP or custom DNS. Also try `ipconfig /release` and `ipconfig /renew` from Command Prompt.,try ipconfig release custom dns try dns try ipconfig,"{'try', 'release', 'custom', 'ipconfig', 'dns'}"
post038,c047,2,set(),Sounds like a background service polling something. Try disabling Windows Update Delivery Optimization and check for Realtek driver issues.,check realtek driver,"{'realtek', 'driver', 'check'}"
post039,c048,2,"{'protocol', 'network_concept'}",Your VPN might be using full tunneling. Check if 'Use default gateway on remote network' is checked in adapter properties.,tunnel check use vpn use tunnel,"{'use', 'vpn', 'tunnel', 'check'}"
post040,c049,2,set(),"Could be packet shaping or NIC driver issue. Try lowering OBS bitrate, and update your Ethernet driver from manufacturer’s site, not Windows Update.",nic driver issue update ethernet driver bitrate update ethernet,"{'bitrate', 'nic', 'issue', 'update', 'driver', 'ethernet'}"
post041,c050,2,"{'protocol', 'ip', 'tool', 'person'}",Try flushing DNS (`ipconfig /flushdns`) and switching to 8.8.8.8. Some antivirus apps also block domains — try disabling temporarily.,domains try disable antivirus apps block try flush dns,"{'antivirus', 'apps', 'domains', 'try', 'disable', 'flush', 'dns', 'block'}"
post042,c051,2,set(),You can clean up ghost network profiles from the registry under `HKEY_LOCAL_MACHINE\SOFTWARE\Microsoft\Windows NT\CurrentVersion\NetworkList\Profiles`.,registry hkey_local_machinesoftwaremicrosoftwindows ntcurrentversionnetworklistprofiles profile registry hkey_local_machinesoftwaremicrosoftwindows,"{'hkey_local_machinesoftwaremicrosoftwindows', 'profile', 'registry', 'ntcurrentversionnetworklistprofiles'}"
post043,c052,2,set(),Sounds like malware or a domain policy. Try checking the 'Internet Settings' in Group Policy Editor and scan with Malwarebytes.,malware domain policy sound like malware check internet settings,"{'policy', 'sound', 'domain', 'like', 'internet', 'malware', 'settings', 'check'}"
post044,c053,2,{'network_concept'},Try forgetting the network and reconnecting. Also check if your MAC address is blocked or if there's a captive portal you’re missing.,theres captive portal try forget network,"{'captive', 'forget', 'network', 'portal', 'theres', 'try'}"
post045,c054,2,set(),Try resetting the Drive app and clearing cached credentials. Also verify that TLS settings are enabled under Internet Options > Advanced.,reset drive app tls settings enable,"{'reset', 'tls', 'drive', 'app', 'enable', 'settings'}"
post046,c055,2,set(),Try disabling 'Allow the computer to turn off this device to save power' in the adapter's power settings. Some drivers bug out after sleep.,settings drivers bug drivers bug sleep power settings drivers,"{'bug', 'sleep', 'drivers', 'power', 'settings'}"
post047,c056,2,"{'protocol', 'network_concept'}",Sounds like a captive portal or IP conflict. Try opening a non-https site or disconnect/reconnect to force login.,nonhttps site disconnectreconnect captive portal ip portal ip conflict,"{'conflict', 'captive', 'portal', 'disconnectreconnect', 'site', 'ip', 'nonhttps'}"
post048,c057,2,{'protocol'},Check your VPN split tunneling settings or confirm your VPN profile permissions.,vpn split tunnel settings confirm vpn vpn profile permissions,"{'confirm', 'tunnel', 'permissions', 'split', 'profile', 'vpn', 'settings'}"
post049,c058,2,{'device'},Sounds like the router placement is poor or there are obstacles. Consider a mesh system or Wi-Fi extender.,mesh wifi extender router placement poor,"{'placement', 'router', 'wifi', 'mesh', 'poor', 'extender'}"
post050,c059,2,"{'protocol', 'device', 'ip'}",Could be DNS or firewall blocking those domains. Try switching to public DNS like 8.8.8.8.,firewall block domains switch public dns domains try switch,"{'domains', 'try', 'firewall', 'public', 'dns', 'block', 'switch'}"
post051,c060,2,"{'protocol', 'network_concept'}",This could be a DHCP issue or IP conflict. Try releasing and renewing your IP.,issue ip conflict dhcp issue ip,"{'issue', 'ip', 'conflict', 'dhcp'}"
post052,c061,2,"{'protocol', 'device'}","Try switching to a different VPN server or protocol, and check for antivirus interference.",different vpn server check antivirus interference,"{'antivirus', 'different', 'interference', 'server', 'vpn', 'check'}"
post053,c062,2,set(),"Look for background updates or malware. Also, update network drivers or reset network settings.",background update malware,"{'update', 'malware', 'background'}"
post054,c063,2,"{'protocol', 'device'}",This might be an ISP issue or DNS misconfiguration. Try rebooting your router or changing DNS servers.,issue dns misconfiguration,"{'issue', 'dns', 'misconfiguration'}"
post055,c064,2,set(),Likely network congestion or ISP throttling during peak times.,congestion isp throttle,"{'isp', 'throttle', 'congestion'}"
post056,c065,2,{'cardinal'},"Try switching between 2.4 GHz and 5 GHz bands, or check for interference.",switch ghz ghz band check interference,"{'ghz', 'switch', 'interference', 'band', 'check'}"
post057,c066,2,"{'protocol', 'device', 'url'}",Try opening a non-https site like http://neverssl.com or manually enter the router IP to trigger the portal.,ip trigger portal manually enter router open nonhttps site,"{'manually', 'router', 'portal', 'trigger', 'open', 'site', 'ip', 'nonhttps', 'enter'}"
post058,c067,2,"{'protocol', 'device'}",Check if your VPN is set to use a far server location or try changing VPN protocol to improve speed.,try change vpn vpn protocol improve change vpn use far server,"{'protocol', 'use', 'change', 'far', 'improve', 'try', 'server', 'vpn'}"
post059,c068,2,{'malware'},Could be interference or network congestion; try switching to a wired connection or different Wi-Fi channel.,interference network congestion connection different wifi different wifi channel,"{'connection', 'different', 'channel', 'congestion', 'wifi', 'network', 'interference'}"
post060,c069,2,"{'protocol', 'device'}",Adjust your power settings to prevent the network adapter from sleeping or check VPN client auto-reconnect options.,adapter sleep check vpn client autoreconnect network adapter sleep power settings prevent,"{'client', 'network', 'prevent', 'power', 'sleep', 'adapter', 'vpn', 'autoreconnect', 'settings', 'check'}"
post061,c070,2,{'protocol'},Try clearing your DNS cache or switching to a different DNS provider like Google DNS.,clear dns cache different dns dns cache switch google dns,"{'clear', 'different', 'google', 'dns', 'switch', 'cache'}"
post062,c071,2,{'protocol'},Check if split tunneling is enabled or if your VPN profile has access rights to internal resources.,split tunnel enable enable vpn profile,"{'tunnel', 'split', 'enable', 'profile', 'vpn'}"
post063,c072,2,set(),Update your Wi-Fi drivers and disable any power-saving features on the wireless adapter.,drivers disable powersaving powersaving feature wireless wifi drivers disable,"{'wireless', 'powersaving', 'wifi', 'feature', 'disable', 'drivers'}"
post064,c073,2,{'device'},"You can use your laptop to create a hotspot after connecting, or request the hotel to allow multiple devices.",create hotspot connect hotspot connect request allow multiple devices,"{'create', 'multiple', 'hotspot', 'devices', 'connect', 'request', 'allow'}"
post065,c074,2,"{'protocol', 'device'}",VPN encryption overhead can slow transfers; try a faster VPN server or adjust transfer protocol settings.,encryption overhead slow faster vpn server,"{'slow', 'encryption', 'overhead', 'server', 'faster', 'vpn'}"
post066,c075,2,"{'protocol', 'device'}",Try renewing your IP lease or rebooting your router; also check if DHCP is enabled on the router.,try renew ip dhcp enable router check dhcp enable lease reboot router,"{'router', 'dhcp', 'try', 'renew', 'enable', 'reboot', 'ip', 'lease', 'check'}"
post067,c076,2,set(),Sometimes hotels offer limited free time; check the Wi-Fi terms or ask the front desk for a paid plan.,hotels offer limit check wifi term,"{'hotels', 'wifi', 'limit', 'offer', 'term', 'check'}"
post067,c077,2,"{'time', 'date'}","I had the same issue last month. The front desk told me the first hour is free, then you need to buy a package.",issue month desk need buy package,"{'desk', 'package', 'month', 'buy', 'issue', 'need'}"
post067,c078,2,set(),"If you need free Wi-Fi for longer, maybe tether from your phone instead, to avoid these extra charges.",free wifi longer tether phone instead,"{'longer', 'wifi', 'instead', 'tether', 'phone', 'free'}"
post068,c079,2,{'protocol'},Try changing VPN servers or use a stealth VPN protocol to avoid location detection.,change vpn servers use stealth vpn vpn protocol avoid,"{'protocol', 'use', 'change', 'servers', 'avoid', 'stealth', 'vpn'}"
post068,c080,2,{'protocol'},Some games use GPS or system location settings; make sure those are disabled or set to match the VPN.,use gps location set match vpn gps location settings,"{'gps', 'location', 'use', 'match', 'set', 'vpn', 'settings'}"
post068,c081,2,"{'protocol', 'device'}",I had to switch to a dedicated gaming VPN to bypass these checks.,vpn bypass check dedicate game vpn,"{'dedicate', 'game', 'bypass', 'vpn', 'check'}"
post069,c082,2,set(),Check for outdated Wi-Fi adapters or interference; also verify device settings and firmware updates.,adapters interference verify check outdated wifi,"{'outdated', 'wifi', 'verify', 'adapters', 'interference', 'check'}"
post069,c083,2,set(),Sometimes older devices can’t handle newer Wi-Fi standards; try resetting network settings on slow devices.,newer wifi standards settings slow devices,"{'slow', 'wifi', 'standards', 'devices', 'settings', 'newer'}"
post069,c084,2,set(),I also noticed that some apps run updates in background which slow down speed on some devices.,update background slow apps run update background slow speed,"{'slow', 'apps', 'run', 'speed', 'background', 'update'}"
post070,c085,2,"{'protocol', 'device'}",This might be due to VPN server overload or unstable internet; try switching servers or protocols.,vpn server overload overload unstable internet,"{'internet', 'overload', 'unstable', 'server', 'vpn'}"
post070,c086,2,{'protocol'},Check if your ISP throttles VPN traffic; a different VPN provider or protocol might help.,throttle vpn traffic vpn traffic different check isp throttle,"{'different', 'isp', 'throttle', 'traffic', 'vpn', 'check'}"
post070,c087,2,{'protocol'},I found that switching from UDP to TCP protocol on my VPN helped stabilize video calls.,switch udp tcp tcp protocol vpn vpn help stabilize,"{'protocol', 'stabilize', 'udp', 'tcp', 'vpn', 'switch', 'help'}"
post071,c088,2,set(),Strong signal doesn’t always mean good speed. Check for network congestion or ISP throttling.,congestion isp throttle strong signal doesnt,"{'signal', 'congestion', 'isp', 'strong', 'throttle', 'doesnt'}"
post071,c089,2,{'network_concept'},I didn’t realize others were using heavy bandwidth on my network until I limited devices.,bandwidth network limit heavy bandwidth network,"{'heavy', 'network', 'bandwidth', 'limit'}"
post072,c090,2,{'protocol'},Your VPN might be connected but missing the right routes or permissions for internal network access.,vpn connect miss permissions internal network,"{'internal', 'miss', 'network', 'permissions', 'connect', 'vpn'}"
post072,c091,2,{'protocol'},I contacted IT and they had to push updated VPN configs to fix the routing.,contact push update update vpn configs,"{'contact', 'push', 'configs', 'update', 'vpn'}"
post073,c092,2,"{'tool', 'network_concept'}",Ping only measures latency; packet loss or jitter can still cause lag despite low ping.,ping measure latency latency packet loss despite low ping jitter cause lag,"{'packet', 'despite', 'latency', 'measure', 'lag', 'loss', 'low', 'ping', 'jitter', 'cause'}"
post073,c093,2,{'protocol'},"Switching VPN servers helped reduce packet loss, improving my gameplay.",switch vpn servers packet loss improve,"{'packet', 'servers', 'improve', 'loss', 'vpn', 'switch'}"
post074,c094,2,set(),Hotels often limit session length or number of devices; ask front desk if there’s a time limit.,hotels limit session session length number,"{'hotels', 'session', 'length', 'limit', 'number'}"
post074,c095,2,set(),I found that signing in again helped temporarily but it’s annoying for longer work sessions.,sign help temporarily longer work sessions temporarily annoy longer,"{'longer', 'sessions', 'sign', 'annoy', 'work', 'temporarily', 'help'}"
post075,c096,2,"{'protocol', 'device'}",VPN encryption and routing can slow speeds; try a closer VPN server or a faster protocol.,closer vpn server encryption rout slow,"{'slow', 'closer', 'rout', 'encryption', 'server', 'vpn'}"
post075,c097,2,set(),Switching to WireGuard protocol gave me a noticeable speed boost.,wireguard protocol noticeable,"{'protocol', 'wireguard', 'noticeable'}"
post076,c098,2,set(),Check your phone’s power-saving settings; some disable Wi-Fi when the screen is off.,settings disable wifi phone powersaving settings,"{'powersaving', 'wifi', 'disable', 'phone', 'settings'}"
post076,c099,2,set(),Turning off battery optimization for Wi-Fi fixed the problem for me.,battery optimization wifi wifi fix problem,"{'battery', 'problem', 'wifi', 'fix', 'optimization'}"
post077,c100,2,"{'protocol', 'malware'}",Streaming and gaming services often blacklist known VPN IPs. Try switching servers frequently.,blacklist know vpn game service blacklist ips try switch,"{'service', 'game', 'try', 'know', 'ips', 'blacklist', 'vpn', 'switch'}"
post077,c101,2,{'protocol'},I had to subscribe to a premium VPN that specifically supports streaming.,subscribe premium vpn specifically support stream premium vpn specifically,"{'subscribe', 'premium', 'specifically', 'stream', 'vpn', 'support'}"
post078,c102,2,{'network_concept'},Strong Wi-Fi signal doesn’t always mean good internet speed; check for ISP issues or bandwidth hogs.,strong wifi signal isp issue bandwidth internet speed check,"{'signal', 'strong', 'wifi', 'isp', 'bandwidth', 'internet', 'speed', 'issue', 'check'}"
post078,c103,2,{'device'},"After rebooting my modem, the speed improved significantly.",modem speed improve reboot modem speed,"{'speed', 'improve', 'reboot', 'modem'}"
post079,c104,2,set(),Many hotel networks use captive portals that require re-authentication after disconnection.,portals require reauthentication require reauthentication disconnection captive portals require,"{'portals', 'captive', 'disconnection', 'reauthentication', 'require'}"
post079,c105,2,set(),I started using a hotspot device to avoid the hassle.,use hotspot device hotspot device avoid,"{'use', 'hotspot', 'avoid', 'device'}"
post080,c106,2,"{'protocol', 'device', 'time'}",VPN servers can get congested during peak times; try connecting outside peak hours or use a different server.,vpn servers congest peak time try peak hours,"{'congest', 'hours', 'servers', 'try', 'vpn', 'peak', 'time'}"
post080,c107,2,"{'protocol', 'device'}",Switching to a dedicated VPN server improved my stability.,dedicate vpn server,"{'server', 'vpn', 'dedicate'}"
post081,c108,2,{'protocol'},"VPN servers can get overloaded, causing slowdowns. Try switching servers or a different VPN provider.",servers different vpn different vpn provider,"{'vpn', 'provider', 'servers', 'different'}"
post081,c109,2,{'device'},"Changing to a nearby server helped, but some streams still drop quality occasionally.",server help stream stream drop quality change nearby server,"{'change', 'drop', 'stream', 'quality', 'server', 'nearby', 'help'}"
post082,c110,2,{'protocol'},Sounds like a permissions or DNS resolution issue inside the VPN; check with your IT team.,inside vpn check permissions dns resolution,"{'inside', 'resolution', 'permissions', 'dns', 'vpn', 'check'}"
post082,c111,2,"{'protocol', 'device'}","They had to push a DNS update to my laptop, after which everything worked fine.",update laptop work dns update laptop push dns update,"{'push', 'dns', 'update', 'work', 'laptop'}"
post083,c112,2,"{'org', 'cardinal'}",Phones sometimes connect to 2.4GHz even if 5GHz is available; try forgetting and reconnecting to the right band.,phone connect 4ghz reconnecting right band 5ghz available try,"{'reconnecting', 'right', 'try', 'available', 'connect', '5ghz', '4ghz', 'phone', 'band'}"
post083,c113,2,{'cardinal'},Switching to 5GHz fixed the speed issues completely.,switch 5ghz fix,"{'fix', '5ghz', 'switch'}"
post084,c114,2,"{'protocol', 'device'}",VPN instability can be caused by poor network or aggressive firewall settings.,vpn instability cause aggressive firewall settings,"{'aggressive', 'instability', 'firewall', 'vpn', 'cause', 'settings'}"
post084,c115,2,"{'protocol', 'device'}",Disabling some firewall rules and changing VPN protocols helped me stay connected.,change vpn protocols disable firewall rule,"{'change', 'rule', 'firewall', 'disable', 'protocols', 'vpn'}"
post085,c116,2,"{'protocol', 'network_concept'}",Latency spikes often mean jitter or packet loss; VPN routing may be unstable.,vpn rout unstable latency spike mean jitter packet loss,"{'packet', 'latency', 'rout', 'mean', 'loss', 'unstable', 'spike', 'vpn', 'jitter'}"
post085,c117,2,"{'protocol', 'device'}",Switching to a different VPN server improved the consistency.,different vpn server,"{'server', 'vpn', 'different'}"
post086,c118,2,set(),Power management settings might be turning off your Wi-Fi adapter when sleeping.,wifi adapter sleep power management settings settings turn wifi,"{'management', 'wifi', 'turn', 'sleep', 'adapter', 'power', 'settings'}"
post086,c119,2,set(),I disabled power saving on the Wi-Fi card and it fixed the issue.,disable power save power save wifi save wifi card,"{'save', 'wifi', 'disable', 'card', 'power'}"
post087,c120,2,set(),Many hotel Wi-Fi networks have session time limits or device limits.,network session time wifi network session hotel wifi network,"{'session', 'wifi', 'network', 'hotel', 'time'}"
post087,c121,2,set(),Using a personal hotspot solved my connectivity headaches.,hotspot solve connectivity personal hotspot solve,"{'solve', 'personal', 'hotspot', 'connectivity'}"
post088,c122,2,"{'protocol', 'device'}",VPN server overload during peak times is common; switching servers or times might help.,switch servers time vpn server overload overload peak time,"{'servers', 'switch', 'overload', 'server', 'vpn', 'peak', 'time'}"
post088,c123,2,"{'protocol', 'device'}",Switching to a less popular server made my VPN usable again.,make vpn usable switch popular server,"{'popular', 'usable', 'vpn', 'server', 'make', 'switch'}"
post089,c124,2,{'network_concept'},Check if other devices are using lots of bandwidth or if your ISP is having issues.,bandwidth isp issue,"{'isp', 'issue', 'bandwidth'}"
post089,c125,2,{'device'},Rebooting the router cleared the slow loading for me.,reboot router clear router clear slow,"{'clear', 'slow', 'reboot', 'router'}"
post090,c126,2,"{'protocol', 'malware'}",Streaming platforms often block known VPN IPs; try rotating servers or premium VPNs.,vpn ips try block know vpn servers premium vpns,"{'premium', 'vpns', 'servers', 'try', 'know', 'ips', 'vpn', 'block'}"
post090,c127,2,{'protocol'},Upgrading to a streaming-optimized VPN fixed the issue.,upgrade streamingoptimized vpn streamingoptimized vpn fix vpn fix issue,"{'streamingoptimized', 'issue', 'fix', 'vpn', 'upgrade'}"
post098,c141,2,set(),Try uninstalling the driver completely and reinstalling an older stable version.,uninstalling driver completely,"{'completely', 'uninstalling', 'driver'}"
post098,c142,2,set(),"Reverting to the old driver solved the disconnects, thanks!",driver solve disconnect revert old driver,"{'solve', 'revert', 'disconnect', 'old', 'driver'}"
post099,c143,2,set(),Sometimes new drivers have bugs; check for patches or rollback.,drivers bug check check patch rollback,"{'patch', 'bug', 'rollback', 'drivers', 'check'}"
post099,c144,2,set(),Rolled back the driver and speeds are back to normal.,driver speed normal,"{'normal', 'driver', 'speed'}"
post100,c145,2,set(),Try disabling power saving options in the driver settings.,disable power save,"{'disable', 'power', 'save'}"
post100,c146,2,{'tool'},Disabling power saving helped reduce the ping spikes. Thanks!,reduce ping spike disable power save,"{'save', 'disable', 'reduce', 'ping', 'spike', 'power'}"
post101,c147,2,{'configuration_setting'},Check your network driver’s QoS settings; sometimes they get reset.,drivers qos settings,"{'drivers', 'settings', 'qos'}"
post101,c148,2,{'configuration_setting'},Adjusting QoS settings fixed the buffering problems.,adjust qos settings settings fix buffer fix buffer problems,"{'problems', 'qos', 'adjust', 'fix', 'settings', 'buffer'}"
post102,c149,2,{'protocol'},Check if the new driver has compatibility issues with VPN protocols.,driver compatibility issue issue vpn protocols,"{'compatibility', 'issue', 'protocols', 'vpn', 'driver'}"
post102,c150,2,{'protocol'},Switching back to the previous driver restored VPN connectivity.,restore vpn connectivity previous driver restore,"{'connectivity', 'restore', 'previous', 'vpn', 'driver'}"
post103,c151,2,set(),Try resetting the network adapter and forget/reconnect the Wi-Fi network.,try reset network network adapter forgetreconnect,"{'reset', 'network', 'try', 'adapter', 'forgetreconnect'}"
post103,c152,2,set(),Resetting fixed the auto reconnect issue.,auto reconnect issue,"{'issue', 'auto', 'reconnect'}"
post104,c153,2,set(),Check if network discovery and file sharing settings got disabled after the update.,check network discovery settings disable update network discovery file,"{'network', 'disable', 'discovery', 'update', 'settings', 'file', 'check'}"
post104,c154,2,{'network_concept'},Re-enabling those settings restored LAN sharing.,settings restore lan reenabling settings restore,"{'lan', 'restore', 'settings', 'reenabling'}"
post105,c155,2,{'protocol'},Try flushing DNS and resetting TCP/IP stack after updating drivers.,flush dns reset reset tcpip stack dns reset tcpip,"{'stack', 'reset', 'tcpip', 'dns', 'flush'}"
post105,c156,2,{'protocol'},Flushing DNS and resetting fixed the connectivity issue.,flush dns reset reset fix connectivity,"{'connectivity', 'reset', 'dns', 'fix', 'flush'}"
post106,c157,2,set(),Packet loss can be driver-related; try disabling advanced features like Large Send Offload.,packet loss driverrelated large send offload,"{'packet', 'offload', 'loss', 'large', 'driverrelated', 'send'}"
post106,c158,2,set(),Disabling that feature stopped the packet loss. Thanks!,feature stop packet packet loss thank,"{'packet', 'feature', 'stop', 'thank', 'loss'}"
post107,c159,2,set(),Check if the update disabled the hosted network feature in the driver.,check update disable disable host network network feature driver,"{'network', 'feature', 'disable', 'update', 'driver', 'host', 'check'}"
post107,c160,2,set(),Enabling hosted network in driver properties fixed the hotspot.,properties fix hotspot network driver properties enable host network,"{'network', 'hotspot', 'enable', 'properties', 'fix', 'driver', 'host'}"
